{
  "0": 1.0,
  "1": 1.0,
  "2": 0.9998289147095933,
  "3": 0.9996726988005546,
  "4": 0.9996726988005546,
  "5": 0.9996726988005546,
  "6": 0.9996726988005546,
  "7": 0.9996726988005546,
  "8": 0.9996726988005546,
  "9": 0.9996726988005546,
  "10": 0.9996726988005546,
  "11": 0.9996726988005546,
  "12": 0.9996726988005546,
  "13": 0.9996726988005546,
  "14": 0.9996726988005546,
  "15": 0.9996726988005546,
  "16": 0.9996726988005546,
  "17": 0.9996726988005546,
  "18": 0.9996726988005546,
  "19": 0.9996726988005546,
  "20": 0.9996726988005546
}