{
  "0": 1.0,
  "1": 1.0,
  "2": 0.9995826766028214,
  "3": 0.9992606841582998,
  "4": 0.9992606841582998,
  "5": 0.9992606841582998,
  "6": 0.9992606841582998,
  "7": 0.9992606841582998,
  "8": 0.9992606841582998,
  "9": 0.9992606841582998,
  "10": 0.9992606841582998,
  "11": 0.9992606841582998,
  "12": 0.9992606841582998,
  "13": 0.9992606841582998,
  "14": 0.9992606841582998,
  "15": 0.9992606841582998,
  "16": 0.9992606841582998,
  "17": 0.9992606841582998,
  "18": 0.9992606841582998,
  "19": 0.9992606841582998,
  "20": 0.9992606841582998
}