{
  "0": 1.0,
  "1": 1.0,
  "2": 0.9999206506187105,
  "3": 0.9991665144474264,
  "4": 0.9991665144474264,
  "5": 0.9991665144474264,
  "6": 0.9991665144474264,
  "7": 0.9991665144474264,
  "8": 0.9991665144474264,
  "9": 0.9991665144474264,
  "10": 0.9991665144474264,
  "11": 0.9991665144474264,
  "12": 0.9991665144474264,
  "13": 0.9991665144474264,
  "14": 0.9991665144474264,
  "15": 0.9991665144474264,
  "16": 0.9991665144474264,
  "17": 0.9991665144474264,
  "18": 0.9991665144474264,
  "19": 0.9991665144474264,
  "20": 0.9991665144474264
}