{
    "0": 1.0075533524675688,
    "1": 1.000438567541172,
    "2": 1.0023995732313082,
    "3": 1.003806326761231,
    "4": 1.0024084469711134,
    "5": 1.0033749958902909,
    "6": 1.003023714430098,
    "7": NaN,
    "8": NaN,
    "9": NaN,
    "10": NaN,
    "11": NaN,
    "12": NaN,
    "13": NaN,
    "14": NaN,
    "15": NaN,
    "16": NaN,
    "17": NaN,
    "18": NaN,
    "19": NaN
}