{
  "0": 1.0087658089081228,
  "1": 0.9946371243163838,
  "2": 0.9946371243163838,
  "3": 0.9946371243163838,
  "4": 0.9946371243163838,
  "5": 0.9946371243163838,
  "6": 0.9946371243163838,
  "7": 0.9946371243163838,
  "8": 0.9946371243163838,
  "9": 0.9946371243163838,
  "10": 0.9946371243163838,
  "11": 0.9946371243163838,
  "12": 0.9946371243163838,
  "13": 0.9946371243163838,
  "14": 0.9946371243163838,
  "15": 0.9946371243163838
}