{
  "0": 1.0091352939079763,
  "1": 0.9951777207710263,
  "2": 0.9951777207710263,
  "3": 0.9951777207710263,
  "4": 0.9951777207710263,
  "5": 0.9951777207710263,
  "6": 0.9951777207710263,
  "7": 0.9951777207710263,
  "8": 0.9951777207710263,
  "9": 0.9951777207710263,
  "10": 0.9951777207710263,
  "11": 0.9951777207710263,
  "12": 0.9951777207710263,
  "13": 0.9951777207710263,
  "14": 0.9951777207710263,
  "15": 0.9951777207710263
}