{
  "0": 1.0,
  "1": 0.9984175717372309,
  "2": 0.9984175717372309,
  "3": 0.9984175717372309,
  "4": 0.9984175717372309,
  "5": 0.9984175717372309,
  "6": 0.9816428180497591,
  "7": 0.9816428180497591,
  "8": 0.9816428180497591,
  "9": 0.9816428180497591,
  "10": 0.9816428180497591,
  "11": 0.9816428180497591,
  "12": 0.9816428180497591,
  "13": 0.9816428180497591,
  "14": 0.9816428180497591,
  "15": 0.9816428180497591
}