{
  "0": 1.0079567818093191,
  "1": 0.9944736645021782,
  "2": 0.9944736645021782,
  "3": 0.9944736645021782,
  "4": 0.9944736645021782,
  "5": 0.9944736645021782,
  "6": 0.9944736645021782,
  "7": 0.9944736645021782,
  "8": 0.9944736645021782,
  "9": 0.9944736645021782,
  "10": 0.9944736645021782,
  "11": 0.9944736645021782,
  "12": 0.9944736645021782,
  "13": 0.9944736645021782,
  "14": 0.9944736645021782,
  "15": 0.9944736645021782
}