{
  "rmse_oof_log_residual": 0.061343111393468326,
  "folds": [
    0.06273782915981702,
    0.06061048185727685,
    0.0588325927605458,
    0.061896807396716234,
    0.062495670798366945,
    0.06498156849385947,
    0.061548635277348794,
    0.06076684417247064,
    0.06031740675356347,
    0.05899089884403819
  ],
  "n": 13086,
  "tuned": true,
  "timers": {
    "start": {
      "step_sec": 0.000590000010561198,
      "total_sec": 0.000590000010561198
    },
    "load_data": {
      "step_sec": 1.6212159999995492,
      "total_sec": 1.6218060000101104
    },
    "normalize_cols": {
      "step_sec": 0.0174057999975048,
      "total_sec": 1.6392118000076152
    },
    "anchors_ratio": {
      "step_sec": 0.05259869998553768,
      "total_sec": 1.691810499993153
    },
    "prior_target": {
      "step_sec": 0.039022999990265816,
      "total_sec": 1.7308334999834187
    },
    "uplifts": {
      "step_sec": 0.6064638000098057,
      "total_sec": 2.3372972999932244
    },
    "build_rows": {
      "step_sec": 0.7984823000151664,
      "total_sec": 3.135779600008391
    },
    "pre_fit_transform": {
      "step_sec": 0.058005600003525615,
      "total_sec": 3.1937852000119165
    },
    "assemble_matrix": {
      "step_sec": 0.05935409996891394,
      "total_sec": 3.2531392999808304
    },
    "tuning": {
      "step_sec": 419.41079340002034,
      "total_sec": 422.66393270000117
    },
    "oof": {
      "step_sec": 69.71582079998916,
      "total_sec": 492.37975349999033
    },
    "fit_final": {
      "step_sec": 9.500481700000819,
      "total_sec": 501.88023519999115
    },
    "calibrations": {
      "step_sec": 0.1136813000193797,
      "total_sec": 501.9939165000105
    },
    "catalog": {
      "step_sec": 0.07249389996286482,
      "total_sec": 502.0664103999734
    }
  }
}