{
  "rmse_oof_log_residual": 0.059354999903106276,
  "folds": [
    0.06090656671064004,
    0.05816382836192514,
    0.05635327582346239,
    0.059963106952145406,
    0.06186932121513391,
    0.06335977755882337,
    0.05948258564513689,
    0.05819103448460245,
    0.059039671136711415,
    0.05579863396558026
  ],
  "n": 13086,
  "tuned": true,
  "timers": {
    "start": {
      "step_sec": 0.004461199976503849,
      "total_sec": 0.004461199976503849
    },
    "load_data": {
      "step_sec": 5.683334000001196,
      "total_sec": 5.6877951999777
    },
    "normalize_cols": {
      "step_sec": 0.08212839998304844,
      "total_sec": 5.769923599960748
    },
    "anchors_ratio": {
      "step_sec": 0.20153730001766235,
      "total_sec": 5.9714608999784105
    },
    "prior_target": {
      "step_sec": 0.2335602999664843,
      "total_sec": 6.205021199944895
    },
    "uplifts": {
      "step_sec": 2.5603989000082947,
      "total_sec": 8.76542009995319
    },
    "build_rows": {
      "step_sec": 4.222516700043343,
      "total_sec": 12.987936799996532
    },
    "pre_fit_transform": {
      "step_sec": 0.17219059995841235,
      "total_sec": 13.160127399954945
    },
    "assemble_matrix": {
      "step_sec": 0.10626530001172796,
      "total_sec": 13.266392699966673
    },
    "tuning": {
      "step_sec": 997.7950208000257,
      "total_sec": 1011.0614134999923
    },
    "oof": {
      "step_sec": 292.66207249998115,
      "total_sec": 1303.7234859999735
    },
    "fit_final": {
      "step_sec": 21.97252780001145,
      "total_sec": 1325.696013799985
    },
    "calibrations": {
      "step_sec": 0.20989259995985776,
      "total_sec": 1325.9059063999448
    },
    "catalog": {
      "step_sec": 0.173024500021711,
      "total_sec": 1326.0789308999665
    }
  }
}